{"cameraMode":{"drawMode":0,"name":"Shaded","section":"Shading Mode"},"sceneLighting":false,"audioPlay":false,"sceneViewState":{"showFog":true,"showMaterialUpdate":false,"showSkybox":true,"showFlares":true,"showImageEffects":true,"showParticleSystems":true},"in2DMode":false,"pivot":{"x":-2.5746755599975588,"y":-1.984919548034668,"z":-2.830512046813965},"rotation":{"x":-0.11508533358573914,"y":0.5583950877189636,"z":-0.07858160138130188,"w":-0.8177874684333801},"size":6.434498310089111,"orthographic":false}